Pas de nom de joueur !,37.0
Pas de nom de joueur !,37.0
Pas de nom de joueur !,37.0
Pas de nom de joueur !,37.0
Pas de nom de joueur !,29.0
Pas de nom de joueur !,29.0
Pas de nom de joueur !,29.0
Pas de nom de joueur !,29.0
Pas de nom de joueur !,29.0
Pas de nom de joueur !,51.0
Pas de nom de joueur !,51.0
Pas de nom de joueur !,51.0
Pas de nom de joueur !,51.0
Pas de nom de joueur !,51.0
Pas de nom de joueur !,51.0
Pas de nom de joueur !,51.0
Pas de nom de joueur !,51.0
Pas de nom de joueur !,51.0
Pas de nom de joueur !,58.0
Pas de nom de joueur !,54.0
Pas de nom de joueur !,54.0
Pas de nom de joueur !,54.0
Pas de nom de joueur !,54.0
Pas de nom de joueur !,54.0
Pas de nom de joueur !,54.0
Pas de nom de joueur !,58.0
Pas de nom de joueur !,59.0
Pas de nom de joueur !,20.0
Pas de nom de joueur !,20.0
Pas de nom de joueur !,20.0
Pas de nom de joueur !,20.0
Pas de nom de joueur !,20.0
Pas de nom de joueur !,20.0
Pas de nom de joueur !,20.0
Pas de nom de joueur !,20.0
Pas de nom de joueur !,20.0
Pas de nom de joueur !,20.0
Pas de nom de joueur !,20.0
Pas de nom de joueur !,53.0
Pas de nom de joueur !,53.0
Pas de nom de joueur !,56.0
Pas de nom de joueur !,55.0
Pas de nom de joueur !,48.0
Pas de nom de joueur !,33.0
Pas de nom de joueur !,63.0
Pas de nom de joueur !,61.0
Pas de nom de joueur !,60.0
Pas de nom de joueur !,60.0
Pas de nom de joueur !,60.0
Pas de nom de joueur !,78.0
